scale,instances,match_improve_or_lt1pct,gap_1_to_2pct,gap_gt2pct,mean_time_sec
10 cust.,20,19,0,1,3.249594175815582
20 cust.,20,19,1,0,23.0051132440567
40 cust.,20,19,0,1,105.81380953788758
Total,60,57,1,2,44.022838985919954
